arquitectura,loss,val_loss,accuracy,val_accuracy,epoch
"[30, 50, 50, 'sigmoid', 0.2]",0.1858099699020385,0.1788322925567627,0.7043343782424927,0.7160493731498718,8027
"[20, 20, 0, 'relu', 0.3]",0.209680899977684,0.1982980668544769,0.6904024481773376,0.7129629850387573,1
"[20, 20, 0, 'relu', 0.2]",0.1913202852010727,0.1871906965970993,0.6873065233230591,0.6944444179534912,19
