arquitectura,loss,val_loss,accuracy,val_accuracy,epoch
"[20, 0, 0]",0.1988000124692917,0.1748902797698974,0.6911764740943909,0.7530864477157593,34
"[20, 20, 0]",0.1992967873811721,0.1747562885284423,0.6865324974060059,0.7530864477157593,42
"[10, 0, 0]",0.1974824219942093,0.17531870305538177,0.6904024481773376,0.7530864477157593,36
